<?xml version="1.0" encoding="UTF-8" ?>
<rpg>
    <!--
        Programma Arnaldo 2019 - Esame
        File XML di testing per il modulo A2 - nucleo 3
        Il seguente documento è stato prodotto da Daniele Della Morte per lo Student Branch IEEE dell'Università degli Studi di Brescia.
    -->
    <character statsnumber="4">
        <defstat id="-1" name="Vita" initvalue="100" />
        <defstat id="0" name="Intelligenza" initvalue="70" />
        <defstat id="1" name="Coraggio" initvalue="90" />
        <defstat id="2" name="Fame" initvalue="40" />
    </character>
    <events eventnumber="3">
        <event id="0">
            <description>
                Compare un drago a pi-greco teste. Che fai?
            </description>
            <option statId="1" delta="-10">
                Scappi dal drago.
            </option>
            <option statId="0" delta="20">
                Applichi la funzione seno al drago.
            </option>
        </event>
        <event id="1">
            <description>
                Ti cade una mela in testa.
            </description>
            <option statId="2" delta="-20">
                La mangi.
            </option>
            <option statId="0" delta="-10">
                La tagli a fette molto piccole e poi la butti via.
            </option>
        </event>
        <event id="2">
            <description>
                Trovi una fetta di torta di colore fucsia.
            </description>
            <option statId="2" delta="-25">
                La mangi.
            </option>
            <option statId="0" delta="2">
                Ti allontani diffidente: potrebbe essere avvelenata.
            </option>
        </event>
    </events>
    
    <map size="10" title="bellissima mappa con modulo d1">
        <cell id="0" type="empty">
            <description>
                Benvenuto nella Partita Generica Ed Inutile, ma con Statistiche!
            </description>
            <option destination="1">
                Qui non hai molte scelte: fai il prossimo passo!
            </option>
        </cell>
        <cell id="1" type="branch" options="3">
            <description>
                Sei arrivato ad uno svincolo: congratulazioni!
            </description>
            <option destination="2">
                Potremmo prendere questa via.
            </option>
            <option destination="3">
                Potremmo prendere quest'altra via (?)
            </option>
            <option destination="1">
                Che fai, resti fermo?
            </option>
        </cell>
        <cell id="2" type="branch" options="3">
            <description>
                Molto bene: un altro svincolo. Che facciamo?
            </description>
            <option destination="0">
                Dai, ricominciamo, è stato divertente!
            </option>
            <option destination="3">
                Ti sei accorto di aver sbagliato via poco fa?
            </option>
            <option destination="8">
                Vediamo un po' cosa c'è in questo boschetto...
            </option>
        </cell>
        <cell id="3" type="empty">
            <description>
                Ok, qui c'è una strada che potremmo seguire.
            </description>
            <option destination="4">
                La strada ci porta verso un boschetto.
            </option>
        </cell>
        <cell id="4" type="effect" options="2">
            <description>
                Eccoci qua: il boschetto. Ci sono una caverna e un fiume.
            </description>
            <option destination="5" lifepoints="1">
                Entriamo nella caverna.
            </option>
            <option destination="9" lifepoints="-10">
                Attraversiamo il fiume a nuoto, schivando i piranha.
            </option>
        </cell>
        <cell id="5" type="end">
            <description>
                Entri nella caverna: c'è un orso. Hai appena guadagnato un punto vita, ma l'orso ti mangia. Ti aspettavi un happy ending? Comunque hai vinto, sei arrivato alla fine.
            </description>
        </cell>
        <cell id="6" type="effect" options="2">
            <description>
                Hai attraversato il fiume: ci sono una strada e un bosco in fiamme.
            </description>
            <option destination="7" lifepoints="1">
                Segui la strada.
            </option>
            <option destination="7" lifepoints="-100">
                Attraversa il bosco in fiamme.
            </option>
        </cell>
        <cell id="7" type="end">
            <description>
                La strada ti porta alla via per la felicità: complimenti, ce l'hai fatta! Attenzione: anche il bosco in fiamme ti porterebbe qui, se non fosse in fiamme!
            </description>
        </cell>
        <cell id="8" type="random" destination="4" />
        <cell id="9" type="random" destination="6" />
    </map>
</rpg>
