<?xml version="1.0" encoding="UTF-8" ?>
<rpg>
    <!--
        Programma Arnaldo 2019 - Esame
        File XML di testing per il modulo A2 - nucleo 3
        Il seguente documento è stato prodotto da Daniele Della Morte per lo Student Branch IEEE dell'Università degli Studi di Brescia.
    -->
    <character statsnumber="4">
        <defstat id="-1" name="Vita" initvalue="100" />
        <defstat id="0" name="Intelligenza" initvalue="70" />
        <defstat id="1" name="Coraggio" initvalue="90" />
        <defstat id="2" name="Fame" initvalue="40" />
    </character>
    <events eventnumber="3">
        <event id="0">
            <description>
                Compare un drago a pi-greco teste. Che fai?
            </description>
            <option statId="1" delta="-10">
                Scappi dal drago.
            </option>
            <option statId="0" delta="20">
                Applichi la funzione seno al drago.
            </option>
        </event>
        <event id="1">
            <description>
                Ti cade una mela in testa.
            </description>
            <option statId="2" delta="-20">
                La mangi.
            </option>
            <option statId="0" delta="-10">
                La tagli a fette molto piccole e poi la butti via.
            </option>
        </event>
        <event id="2">
            <description>
                Trovi una fetta di torta di colore fucsia.
            </description>
            <option statId="-1" delta="-40">
                La mangi: perché no?
            </option>
            <option statId="0" delta="2">
                Ti allontani diffidente: potrebbe essere avvelenata.
            </option>
        </event>
    </events>
    <map size="14" title="mappa bella con moduli d1 e d3">
        <cell id="0" type="empty">
            <description>
                Benvenuto nella Partita Generica Ed Inutile.
            </description>
            <option destination="1">
                Qui non hai molte scelte: fai il prossimo passo!
            </option>
        </cell>
        <cell id="1" type="branch" options="3">
            <description>
                Sei arrivato ad uno svincolo: congratulazioni!
            </description>
            <option destination="10">
                Potremmo prendere questa via.
            </option>
            <option destination="3">
                Potremmo prendere quest'altra via (?)
            </option>
            <option destination="1">
                Che fai, resti fermo?
            </option>
        </cell>
        <cell id="2" type="branch" options="3">
            <description>
                Molto bene: un altro svincolo. Che facciamo?
            </description>
            <option destination="0">
                Dai, ricominciamo, è stato divertente!
            </option>
            <option destination="3">
                Ti sei accorto di aver sbagliato via poco fa?
            </option>
            <option destination="4">
                Vediamo un po' cosa c'è in questo boschetto...
            </option>
        </cell>
        <cell id="3" type="empty">
            <description>
                Ok, qui c'è una strada che potremmo seguire.
            </description>
            <option destination="4">
                La strada ci porta verso un boschetto.
            </option>
        </cell>
        <cell id="4" type="effect" options="2">
            <description>
                Eccoci qua: il boschetto. Ci sono una caverna e un fiume, coperto da un muro di rovi.
            </description>
            <option destination="8" lifepoints="1">
                Entro nella caverna.
            </option>
            <option destination="11" lifepoints="-10">
                Vado verso il fiume attraversando i rovi.
            </option>
        </cell>
        <cell id="5" type="gate" object="Sasso">
            <description>
                Entri nella caverna: c'è un orso.
            </description>
            <option destination="13" hasObject="yes">
                Lanci il sasso all'orso e scappi.
            </option>
            <option destination="9" hasObject="no">
                L'orso ti attacca.
            </option>
        </cell>
        <cell id="6" type="effect" options="2">
            <description>
                Hai attraversato il fiume: ci sono una strada e un bosco in fiamme.
            </description>
            <option destination="7" lifepoints="1">
                Segui la strada.
            </option>
            <option destination="7" lifepoints="-100">
                Attraversi il bosco in fiamme.
            </option>
        </cell>
        <cell id="7" type="end">
            <description>
                La strada ti porta alla via per la felicità: complimenti, ce l'hai fatta! Attenzione: anche il bosco in fiamme ti porterebbe qui, se non fosse in fiamme!
            </description>
        </cell>
        <cell id="8" type="loot" object="Sasso" destination="5" />
        <cell id="9" type="end">
            <description>
                L'orso ti mangia. Ti aspettavi un happy ending? Comunque hai vinto, sei arrivato alla fine.
            </description>
        </cell>
        <cell id="10" type="loot" object="Zattera" destination="2" />
        <cell id="11" type="gate" object="Zattera">
            <description>
                Devi attraversare il fiume pieno di Piranha.
            </description>
            <option destination="12" hasObject="yes">
                Attraversi comodamente il fiume sulla tua zattera.
            </option>
            <option destination="0" hasObject="no">
                Torni indietro a cercare qualcosa con cui attraversare il fiume.
            </option>
        </cell>
        <cell id="12" type="random" destination="6" />
        <cell id="13" type="random" destination="4" />
    </map>
</rpg>
